city1_name,city2_name,weight
Thane,Mumbai,27401.833562271768
Haora,Kolkata,6148.0659467053565
Kolar,Bangalore,60833.0120748077
Seven Pagodas,Chennai,51935.9724994591
Secunderabad,Hyderabad,9924.633367871418
Chinchvad,Pune,12841.560665936804
Ghandinagar,Ahmadabad,23498.052893139866
Bhavnagar,Surat,97686.57996768158
Sitalpur,Lucknow,89317.3117318403
Alwar,Jaipur,103660.45318321262
Lucknow,Cawnpore,74110.01145162676
Allahabad,Mirzapur,81847.67725344012
Yavatmal,Nagpur,129674.03560283034
Delhi,Ghaziabad,18251.658913868112
Ujjain,Indore,51949.80052203611
Khambhat,Vadodara,59813.18216909747
Anakapalle,Vishakhapatnam,32018.358208495203
Vidisha,Bhopal,50126.14819185151
Junnar,Chinchvad,64085.43750215975
Rajgir,Patna,70388.81605812674
Patiala,Ludhiana,83209.19895929693
Fatehpur Sikri,Agra,36906.537436307284
Junnar,Kalyan,75865.25853011604
Dindigul,Madurai,51371.95568415336
Bankura,Jamshedpur,103443.28236397283
Silvassa,Nasik,85452.32415551246
Delhi,Faridabad,26622.162877822975
Ahmadnagar,Aurangabad,107965.84621851606
Jasdan,Rajkot,50960.0596926541
Hapur,Meerut,28093.19343390869
Umaria,Jabalpur,100538.2602267612
Bhiwandi,Thane,17220.584583909822
Kulti,Dhanbad,42855.50389141281
Fatehpur,Allahabad,114590.11224922082
Mirzapur,Varanasi,47464.12901329875
Kulgam,Srinagar,53968.327386929006
Jalandhar,Amritsar,76441.85676534925
Bulandshahr,Aligarh,63268.96315467851
Kalyan,Bhiwandi,11281.040968839521
Etawah,Gwalior,103622.06208524933
Raipur,Bhilai,20928.315139057882
Bali,Haora,7356.241177920584
Chakradharpur,Ranchi,79003.00564143049
Tadepalle,Bezwada,5844.4486139634
Mauli,Chandigarh,7206.207099848272
Shrirangapattana,Mysore,13001.75187126496
Bilaspur,Raipur,108988.99020085478
Tonk,Kota,108110.08626776647
Delhi,New Delhi,5330.22947384742
Budaun,Bareilly,48980.40083939012
Pali,Jodhpur,65434.60085589856
Guwahati,Dispur,1888.050463226452
Kilkunda,Coimbatore,43245.92925764541
Gauripur,Guwahati,179834.299533242
Osmanabad,Solapur,55633.155152802305
Karur,Trichinopoly,68031.25008844188
Belgaum,Hubli,87587.31713038118
Ludhiana,Jalandhar,53076.43729920602
Jatani,Bhubaneshwar,17014.49834290072
Thane,Bhayandar,17895.43850613364
Rampur,Moradabad,26320.309399221074
Ichalkaranji,Kolhapur,25237.97326225294
Quilon,Thiruvananthapuram,55029.50847063112
Muzaffarnagar,Saharanpur,56970.01191808106
Karimnagar,Warangal,69796.39178923535
Erode,Salem,59909.08983730638
Nasik,Malegaon,100787.83067299904
Angamali,Kochi,27897.158226837502
Fyzabad,Gorakhpur,118958.62073657187
Belur,Shimoga,91445.32254110316
Tenali,Guntur,21271.907191695926
Coimbatore,Tiruppur,42483.02844634593
Chakradharpur,Raurkela,91792.11187612603
Udipi,Mangalore,53446.372161251216
Bhainsa,Nanded,66850.12931824198
Bhubaneshwar,Cuttack,21049.986237419995
Adilabad,Chanda,86269.46874329624
Saharanpur,Dehra Dun,60950.189382383425
Barddhaman,Durgapur,63617.26584837495
Jamuria,Asansol,11698.191510500968
Khambhat,Bhavnagar,78749.1887505739
Kavali,Nellore,53405.408870958694
Akola,Amravati,81144.9159546526
Tonk,Ajmer,120170.98222348417
Nagercoil,Tinnevelly,69343.94639676945
Sikar,Bikaner,185074.88648661366
Aizawl,Agartala,148684.87733126117
Ratlam,Ujjain,74182.47703618249
Kalyan,Ulhasnagar,3880.246763721414
Gwalior,Jhansi,93283.13983965159
Shimoga,Davangere,71035.14660372761
Udhampur,Jammu,34138.07425631832
Ichalkaranji,Belgaum,92817.90278155588
Bidar,Gulbarga,97861.17058917643
Rajkot,Jamnagar,77412.33693414941
Malegaon,Dhulia,45913.36848554524
Deo,Gaya,59690.23945014716
Dhulia,Jalgaon,82467.63849216652
Gadwal,Kurnool,51894.043943787605
Chittaurgarh,Udaipur,101019.50762884915
Guntakal,Bellary,50011.72646465068
Bijapur,Sangli,122475.98412239747
Tinnevelly,Tuticorin,47171.718496426896
Trichur,Calicut,94615.30045308731
Burhanpur,Akola,110264.59256547214
Saharsa,Bhagalpur,81666.40531741448
Pathanamthitta,Quilon,47654.85240707899
Jaipur,Sikar,105660.25527449153
Bangalore,Tumkur,67239.11389956085
Naihati,Bhatpara,3722.356875173609
Kairana,Muzaffarnagar,49426.9519807561
Draksharama,Kakinada,22605.11305514831
Kota,Bhilwara,121949.86997711289
Armur,Nizamabad,24051.647025137885
Rishra,Panihati,3029.0984714758765
Nanded,Parbhani,61738.19880136047
Sonipat,Rohtak,44612.14714805547
Parbhani,Latur,98895.09579260241
Tinnevelly,Rajapalaiyam,78254.78698465806
Junnar,Ahmadnagar,90672.40922417081
Kovvur,Rajahmundry,6492.758203984802
Proddatur,Cuddapah,41043.1165460914
Patna,Muzaffarpur,61727.49655015541
Bharatpur,Alwar,94678.34280500843
Narasannapeta,Brahmapur,128362.95263567826
Panihati,Kamarhati,2226.3898158654238
Amarkantak,Bilaspur,64162.99959513755
Vrindavan,Mathura,10965.185121589018
Ambala,Patiala,37784.44854844445
Jabalpur,Saugor,142768.2955900059
Solapur,Bijapur,97977.91858583079
Asansol,Kulti,12981.169777693958
Bareilly,Shahjanpur,72196.72846076702
Palghat,Trichur,56563.94423266712
Navadwip,Barddhaman,55599.074407714965
Bhagalpur,Purnea,74530.30004624256
Raurkela,Sambalpur,128092.2503363612
Agra,Firozabad,37280.13000388231
Bhiwani,Hisar,56110.219218544386
Vikarabad,Bidar,77478.6606432863
Bareilly,Rampur,63073.13618698519
Jalpaiguri,Shiliguri,38527.33963861766
Kamarhati,Bali,3801.875862160842
Sonipat,Panipat,45219.1806833641
Ramgundam,Karimnagar,51652.307193435125
Mundra,Bhuj,45319.33852989228
Sangli,Ichalkaranji,21226.764000693747
Puttur,Tirupati,26336.47857113608
Bellary,Hospet,56826.57760340918
Silchar,Aizawl,120434.78677716196
Maihar,Sannai,14693.880934522867
Kolkata,Barasat,36158.02683773502
Mandsaur,Ratlam,79415.76935417025
Kohima,Imphal,95785.06846178873
Bhilai,Drug,16185.25108748155
Sopur,Handwara,20708.6157611486
Pamidi,Anantapur,29743.255803152457
Firozabad,Etawah,73698.51479200642
Gadwal,Raichur,47615.3653808203
Chimakurti,Ongole,21543.64323632984
Mathura,Bharatpur,35252.830594244115
Rajgir,Begusarai,83648.25091135764
New Delhi,Sonipat,37715.307365945235
Baidyabati,Shrirampur,4903.2188457750535
Ghaziabad,Hapur,34862.86542927986
Mancheral,Ramgundam,7699.16067947508
Bodupal,Secunderabad,9236.090141849358
Haora,Uluberiya,24522.472127348163
Dwarka,Porbandar,93501.03072419135
Seven Pagodas,Puducherry,86676.92069923798
Bhimunipatnam,Vizianagaram,25838.110971746624
Jalor,Pali,85130.91920892814
Thiruvananthapuram,Nagercoil,69000.83099948242
Panipat,Karnal,31169.45742211633
Trichinopoly,Tanjore,50081.13556791446
Brahmapur,Puri,119283.75268176282
Moradabad,Sambhal,35454.16355381046
Halisahar,Naihati,5565.974539663757
Solan,Shimla,21003.847722519167
Medinipur,Kharagpur,11519.500799051164
Kodaikanal,Dindigul,53183.60296143697
Raiganj,Ingraj Bazar,68732.47221937671
Gudivada,Ellore,32266.61091104557
Koilkuntla,Nandyal,32580.212069280326
Jaynagar-Majilpur,Haldia,41486.41066337173
Faridabad,Gurgaon,29101.47134936201
Hapur,Bulandshahr,38034.73611883447
Mahadipur,Baharampur,85174.11557569762
Jamshedpur,Chakradharpur,57881.69665416944
Khardah,Madhyamgram,7525.120016204686
Rohtak,Bhiwani,44212.864273722
Bhusaval,Burhanpur,44093.83499231509
Mahesana,Ghandinagar,51064.456542609354
Niala Kondapalle,Khammam,19763.149765359918
Naihati,Hugli,3076.376702892155
Vikarabad,Mahbubnagar,67013.44738330171
Purnea,Raiganj,67368.56742008353
Khed Brahma,Mahesana,81378.38875173376
Emmiganur,Adoni,24637.14843361642
Jalgaon,Bhusaval,27362.733670874066
Sitalpur,Bahraigh,90734.93612921172
Jaipur,Tonk,85634.37413198299
Hisar,Sirsa,78422.0107069117
Varanasi,Jaunpur,56776.877519014844
Rayachoti,Madanapalle,61874.35465867079
Kochi,Alleppey,52772.68061308021
Chittoor,Vellore,31333.702507239675
Kamarhati,Dam Dam,7574.142660001265
Bhatpara,Chandannagar,3425.8730161744447
Puducherry,Cuddalore,21851.129481307566
Bapatla,Chirala,14965.107660758904
Shrirampur,Titagarh,3274.8846696623273
Aurangabad,Deo,13910.711964140228
Repalle,Machilipatnam,34421.40103600233
Uluberiya,Medinipur,80012.50251880854
Sopur,Baramula,16340.444984352025
Cawnpore,Fatehpur,80862.72170879063
Ponnuru,Tenali,21132.71938748001
Shimoga,Udipi,110395.96368067812
Shahjanpur,Sitalpur,87785.1084774549
Jammalamadugu,Proddatur,22654.727778206823
Nagari,Conjeeveram,57272.42289351188
Surat,Navsari,36786.48620793052
Vadodara,Godhra,67982.49698635109
Barehra,Budaun,60186.80856783515
Palmaner,Chittoor,39742.32190213542
Navadwip,Krishnanagar,13755.093049546587
Begusarai,Saharsa,69617.52491615759
Jalandhar,Haripur,43793.814485659466
Dharmsala,Pathankot,63068.51425144003
Saugor,Vidisha,102857.48493980127
Suriapet,Nalgonda,38531.38743634881
Ingraj Bazar,Balurghat,66680.04916717255
Jorhat,Dibrugarh,112636.58228167
Bahraigh,Fyzabad,108773.96630214775
Imphal,Silchar,117262.8924256543
Krishnanagar,Shantipur,18166.5109503299
Parigi,Hindupur,7725.366013507732
Tiruppur,Erode,48709.50113179889
Durgapur,Jamuria,29630.52318174207
Bhatpara,Habra,22259.479906410183
Ambala,Mauli,38294.46388868491
Karnal,Ambala,80020.03960098671
Dispur,Shillong,64997.41829058762
Punganuru,Kolar,55250.51138437568
Narasapur,Bhimavaram,19501.13080034253
Chittaurgarh,Mandsaur,106246.04182858892
Ponduru,Chicacole,16164.54675233432
Vellore,Tiruvannamalai,73671.4023211256
Shrirangapattana,Mandya,24845.076137956952
Durgapur,Bankura,42248.76269884735
Channarayapatna,Hassan,33277.78909046251
Amravati,Yavatmal,71541.82533577608
Bareilly,Pilibhit,49367.65736997451
Coimbatore,Palghat,42040.2185431915
Tanuku,Palakollu,24382.991760706882
Malaut,Abohar,21557.577442342157
Kalyani,Kanchrapara,716.3560520853996
Aligarh,Hathras,31309.288978403547
Konarka,Port Blair,1159610.557480577
Jalpaiguri,Alipur Duar,83107.27666212834
Habra,Basirhat,33252.39044724953
Baharampur,Navadwip,77841.82865821161
Adoni,Guntakal,52319.53752015482
Kanchrapara,Halisahar,2451.0092374265414
Khardah,Rishra,3275.520087355844
Bhadreswar,Baidyabati,4542.043063083217
Anantapur,Dharmavaram,32417.726857029942
Shiliguri,Darjeeling,39053.296842280215
Pedana,Gudivada,26205.278154195184
Srinagar,Sopur,38709.896548489916
Yavatmal,Adilabad,91725.48905767468
Chilakalurupet,Narasaraopet,20335.709564277924
Bhilwara,Chittaurgarh,51282.510017109715
Halisahar,Bansbaria,3026.4418524658804
Palghat,Valparai,61637.070111583394
Bhadreswar,Champdani,3027.9776777123757
Latur,Osmanabad,60809.6174451608
Titagarh,Khardah,2451.735276230052
Habra,Bangaon,33062.29222662476
Pamidi,Tadpatri,47089.57238461669
Raiganj,Jalpaiguri,117639.64231246189
Niala Kondapalle,Suriapet,46494.410645826625
Ellore,Tadepallegudem,45143.30625030452
Shantipur,Kalyani,30616.17444762645
Tanjore,Negapatam,74813.31116820103
Chandannagar,Bhadreswar,6220.618288178286
Addanki,Chilakalurupet,37250.33276765797
Darjeeling,Gangtok,47738.48282325538
Jorhat,Kohima,120983.30396691184
Chittoor,Nagari,52242.61022291096
Tezpur,Itanagar,96560.29380090725
Rajahmundry,Mandapeta,20078.751873651665
Samalkot,Pithapuram,12533.872794392593
Jangaon,Bodupal,72379.7920176719
Chikhli,Daman,43586.44151857297
Chicacole,Amudalavalasa,12990.984575574805
Loutolim,Panaji,23194.09853123308
Barasat,Jaynagar-Majilpur,6724.6594988233055
Ingraj Bazar,Mahadipur,16164.642503664387
Calicut,Kavaratti,350564.3747248307
Dholka,Khambhat,47830.417217640745
Varanasi,Aurangabad,150799.16677419265
Raichur,Emmiganur,54856.77680445935
Cuddapah,Rayachoti,46941.7125694069
Kandukur,Kavali,35224.14408985054
Mandamari,Mancheral,12852.080021382379
Pulivendla,Kadiri,33727.11887191044
Mysore,Ootacamund,100286.09180555672
Tuni,Anakapalle,61959.206249424176
Karimnagar,Sirsilla,34316.602073432754
Dubak,Kamareddipet,37405.02683089999
Kottagudem,Paloncha,6053.93335611407
Yellandu,Kottagudem,32319.888159740567
Nidadavole,Tanuku,19192.367798315405
Nizamabad,Bodhan,21092.348790832733
Erode,Karur,59055.24272212747
Guntur,Mangalagiri,17986.327259916707
Panipat,Kairana,22306.10486050554
Ponnuru,Bapatla,22334.80629914155
Giddalur,Markapur,54155.36340481813
Sirsa,Malaut,93241.96820345426
Cuddapah,Badvel,40325.54117294251
Itanagar,Jorhat,70890.57226170838
Jagtial,Koratla,22240.30936433163
Proddatur,Pulivendla,48791.13556143182
Metpalli,Armur,31690.143339653252
Jodhpur,Jaisalmer,220296.75652678177
Mangalagiri,Tadepalle,6722.124786314215
Wanparti,Gadwal,31630.975359115062
Puri,Jatani,42959.51910694346
Mahbubnagar,Wanparti,42301.44393522291
Pedda Nandipadu,Ponnuru,25392.996512988295
Markapur,Vinukonda,62214.32786736299
Guwahati,Tezpur,115407.13543655642
Palakollu,Narasapur,12345.293459491279
Kakinada,Samalkot,14251.324684167292
Chanda,Kothapet,71289.78076353701
Devarkonda,Macherla,58376.21930723065
Ongole,Kandukur,35226.71326037491
Chipurupalle,Bobbili,33650.76384406797
Narasaraopet,Sattenapalle,20556.369031145387
Hathras,Vrindavan,34539.534320152474
Kothapet,Belampalli,30908.334911022448
Vishakhapatnam,Bhimunipatnam,21942.374270473825
Nagari,Puttur,13747.724580447548
Draksharama,Amalapuram,23849.373363807696
Madanapalle,Punganuru,22308.912891071468
Vadodara,Nandod,57107.87959343554
Punganuru,Palmaner,25894.814184710984
Abu,Jalor,84829.63453063954
Hyderabad,Vikarabad,60353.4096171327
Karimnagar,Jagtial,46957.32733744287
Ahmadabad,Dholka,36306.47150333231
Pithapuram,Tuni,39771.312319341174
Sattenapalle,Jaggayyapeta,55471.22278876588
Tirupati,Venkatagiri,39427.629391628136
Bhavnagar,Sihor,18714.103086470855
Warangal,Jangaon,52920.56022317074
Belampalli,Mandamari,8289.877601776638
Koratla,Metpalli,13971.035783730404
Ponnuru,Repalle,30751.150510074367
Bodhan,Bhainsa,48380.171693887685
Sihor,Jasdan,87622.17149307243
Tadpatri,Jammalamadugu,39506.346446381904
Tuticorin,Rameswaram,139675.85671275802
Tadepallegudem,Nidadavole,20520.610722741145
Vinukonda,Addanki,35801.656596033325
Gaya,Rajgir,51284.19251595675
Kulgam,Rajaori,72826.37643991881
Rampur,Naini Tal,76558.52688029509
Nidadavole,Kovvur,12700.427841892055
Tumkur,Channarayapatna,90644.60822125385
Khajuraho,Maihar,104909.8564951793
Nasik,Junnar,89631.0964360304
Chandigarh,Solan,37566.1532106056
Mundra,Dwarka,103606.88231582046
Alleppey,Pathanamthitta,52801.606934065
Valparai,Kodaikanal,56761.60617075717
Pathankot,Udhampur,88268.6348701088
Khammam,Yellandu,43399.5311088362
Nandyal,Giddalur,49229.59947984021
Trichur,Angamali,40893.89928450129
Channarayapatna,Shrirangapattana,63031.82776272649
Bharatpur,Fatehpur Sikri,22006.013097307776
Sannai,Umaria,70746.63208535661
Paloncha,Mangur,42371.88237889987
Machilipatnam,Pedana,11690.430646895213
Mumbai,Uran,14963.557671087974
Addanki,Chimakurti,27910.161651864477
Nalgonda,Devarkonda,52957.38219029493
Daman,Silvassa,24139.06870035546
Sopur,Bandipura,20563.983551799553
Guntakal,Pamidi,32823.30363010256
Amudalavalasa,Narasannapeta,15284.054543860686
Udaipur,Khed Brahma,89282.54207681156
Orchha,Khajuraho,141757.37253104913
Jasdan,Diu,147471.22832012546
Alipur Duar,Gauripur,60332.09591187774
Jammalamadugu,Koilkuntla,43208.010983228625
Udhampur,Kulgam,79696.93488882438
Khed Brahma,Abu,71400.68814019833
Belgaum,Curchorem,80950.50494213183
Ajmer,Pushkar,9556.474557160684
Aligarh,Barehra,50056.736254937736
Jamnagar,Mundra,54857.05209776955
Hassan,Belur,31314.35982644523
Haripur,Dharmsala,83834.31907321603
Ingraj Bazar,Rajmahal,31760.948749618823
Dharmsala,Kulu,79209.35667927943
Panchgani,Khed,51672.92977130523
Conjeeveram,Seven Pagodas,57642.70025280504
Puri,Konarka,30716.192573796692
Vizianagaram,Chipurupalle,25844.822267628784
Chipurupalle,Ponduru,20859.247517730528
Pune,Panchgani,66851.44824336373
Dharmavaram,Parigi,64236.86654730402
Sirsilla,Dubak,26417.542950205967
Indore,Betma,23766.2785945911
Amritsar,Khem Karan,53950.544642095345
Khed Brahma,Meghraj,74941.01760800608
Jhansi,Orchha,13061.104199423236
Bhuj,Naliya,100573.82835285505
Mandapeta,Draksharama,16619.00343356972
Ootacamund,Kilkunda,17092.49618758697
Navsari,Chikhli,19198.280779727556
Jaggayyapeta,Niala Kondapalle,23688.896286106396
Kulu,Manali,27996.14036072053
Umaria,Amarkantak,133695.07038339545
Chilakalurupet,Pedda Nandipadu,17445.296968429
Curchorem,Loutolim,15663.494377304747
Dehra Dun,Lansdowne,82969.67068057685
